{"cameraMode":{"drawMode":0,"name":"Shaded","section":"Shading Mode"},"sceneLighting":false,"audioPlay":false,"sceneViewState":{"m_AlwaysRefresh":false,"showFog":true,"showSkybox":false,"showFlares":true,"showImageEffects":true,"showParticleSystems":true,"showVisualEffectGraphs":true,"m_FxEnabled":true},"in2DMode":false,"pivot":{"x":1.6944770812988282,"y":-81.85536193847656,"z":77.98882293701172},"rotation":{"x":0.12190994620323181,"y":-0.35124704241752627,"z":0.04641535133123398,"w":0.9272218346595764},"size":10.782604217529297,"orthographic":false}